{
	"initialSpinCount":10,
	"imagePath":"images/",
	"message0":"Here we go...",
	"message1" : "Spin those reels!",
	"message2" : "Hit that nudge!",
	"message3" : "So close - try again!",
	"message4" : "Bad nudge :(",
	"message5" : "Nice - 2 in a row :)",
	"message6" : "YAY! 3 in a row!!!",
	"message7" : "Game over!",
	"imageObjectsArray" : 
	[
		{"image":"bar", "value":750}, 
		{"image":"bell", "value":25}, 
		{"image":"cherry", "value":15}, 
		{"image":"melon", "value":75}, 
		{"image":"diamond", "value":175},
		{"image":"seven", "value":250}, 
		{"image":"triple-bar", "value":1000}, 
		{"image":"grape", "value":5}, 
		{"image":"horseshoe", "value":100}, 
		{"image":"strawberry", "value":125},
		{"image":"roulette", "value":500}, 
		{"image":"lemon", "value":10},
		{"image":"club", "value":150}, 
		{"image":"dollar", "value":200}
      ],
      "faceWidth": 180,
      "faceHeight": 240,
      "numFaces":20


}